{"brandLogo":"","brandName":"demo","games":{"mines":{"host":"app-demo.spribe.io","port":443,"useSSL":true,"zone":"mines","debug":false},"balloon":{"host":"app-demo.spribe.io","port":443,"useSSL":true,"zone":"balloon","debug":false},"goal":{"host":"app-demo.spribe.io","port":443,"useSSL":true,"zone":"goal","debug":false},"hi-lo":{"host":"app-demo.spribe.io","port":443,"useSSL":true,"zone":"hilo","debug":false},"hotline":{"host":"app-demo.spribe.io","port":443,"useSSL":true,"zone":"hotline","debug":false},"plinko":{"host":"app-demo.spribe.io","port":443,"useSSL":true,"zone":"plinko","debug":false},"dice":{"host":"app-demo.spribe.io","port":443,"useSSL":true,"zone":"dice","debug":false},"keno":{"host":"app-demo.spribe.io","port":443,"useSSL":true,"zone":"keno","debug":false},"mini-roulette":{"host":"app-demo.spribe.io","port":443,"useSSL":true,"zone":"roulette","debug":false}}}